{
    "description": "Pipeline for parsing redis logs",
    "processors": [
        {
            "grok": {
                "field": "message",
                "patterns": [
                    "(%{POSINT:redis.log.pid:long}:%{CHAR:redis.log.role} )?(%{REDISTIMESTAMP1:redis.log.timestamp}||%{REDISTIMESTAMP2:redis.log.timestamp}) %{REDISLEVEL:redis.log.level} %{GREEDYDATA:redis.log.message}",
                    "%{POSINT:redis.log.pid:long}:signal-handler \\(%{POSINT:redis.log.timestamp}\\) %{GREEDYDATA:redis.log.message}"
                ],
                "pattern_definitions": {
                    "CHAR": "[a-zA-Z]",
                    "REDISLEVEL": "[.\\-*#]",
                    "REDISTIMESTAMP1": "%{MONTHDAY} %{MONTH} %{TIME}",
                    "REDISTIMESTAMP2": "%{MONTHDAY} %{MONTH} %{YEAR} %{TIME}"
                }
            }
        },
        {
            "script": {
                "lang": "painless",
                "source": "if (ctx.redis.log.level == params.dot) {\n          ctx.redis.log.level = params.debug;\n        } else if (ctx.redis.log.level == params.dash) {\n          ctx.redis.log.level = params.verbose;\n        } else if (ctx.redis.log.level == params.asterisk) {\n          ctx.redis.log.level = params.notice;\n        } else if (ctx.redis.log.level == params.hash) {\n          ctx.redis.log.level = params.warning;\n        }",
                "params": {
                    "dot": ".",
                    "debug": "debug",
                    "dash": "-",
                    "verbose": "verbose",
                    "asterisk": "*",
                    "notice": "notice",
                    "hash": "#",
                    "warning": "warning"
                }
            }
        },
        {
            "script": {
                "lang": "painless",
                "source": "if (ctx.redis.log.role == params.master_abbrev) {\n          ctx.redis.log.role = params.master;\n        } else if (ctx.redis.log.role == params.slave_abbrev) {\n          ctx.redis.log.role = params.slave;\n        } else if (ctx.redis.log.role == params.child_abbrev) {\n          ctx.redis.log.role = params.child;\n        } else if (ctx.redis.log.role == params.sentinel_abbrev) {\n          ctx.redis.log.role = params.sentinel;\n        }\n        ",
                "params": {
                    "master_abbrev": "M",
                    "master": "master",
                    "slave_abbrev": "S",
                    "slave": "slave",
                    "child_abbrev": "C",
                    "child": "child",
                    "sentinel_abbrev": "X",
                    "sentinel": "sentinel"
                }
            }
        },
        {
            "remove": {
                "field": "message"
            }
        },
        {
            "rename": {
                "field": "@timestamp",
                "target_field": "read_timestamp"
            }
        },
        {
            "date": {
                "field": "redis.log.timestamp",
                "target_field": "@timestamp",
                "formats": [
                    "dd MMM yyyy H:m:s.SSS",
                    "dd MMM H:m:s.SSS",
                    "dd MMM H:m:s",
                    "UNIX"
                ],
                "ignore_failure": true
            }
        },
        {
            "remove": {
                "field": "redis.log.timestamp",
                "ignore_failure": true
            }
        }
    ],
    "on_failure": [
        {
            "set": {
                "field": "error.message",
                "value": "{{ _ingest.on_failure_message }}"
            }
        }
    ]
}
