{
  "description": "Pipeline for parsing apache2 error logs",
  "processors": [
    {
      "grok": {
        "field": "message",
        "patterns": [
          "\\[%{APACHE_TIME:apache2.error.timestamp}\\] \\[%{LOGLEVEL:apache2.error.level}\\]( \\[client %{IPORHOST:apache2.error.client}\\])? %{GREEDYDATA:apache2.error.message}",
          "\\[%{APACHE_TIME:apache2.error.timestamp}\\] \\[%{DATA:apache2.error.module}:%{LOGLEVEL:apache2.error.level}\\] \\[pid %{NUMBER:apache2.error.pid}(:tid %{NUMBER:apache2.error.tid})?\\]( \\[client %{IPORHOST:apache2.error.client}\\])? %{GREEDYDATA:apache2.error.message1}"
        ],
        "pattern_definitions": {
          "APACHE_TIME": "%{DAY} %{MONTH} %{MONTHDAY} %{TIME} %{YEAR}"
        },
        "ignore_missing": true
      }
    },
    {
      "remove":{
        "field": "message"
      }
    },
    {
      "rename": {
        "field": "apache2.error.message1",
        "target_field": "apache2.error.message",
        "ignore_failure": true
      }
    },
    {
      "date": {
        "field": "apache2.error.timestamp",
        "target_field": "@timestamp",
        "formats": ["EEE MMM dd H:m:s yyyy", "EEE MMM dd H:m:s.SSSSSS yyyy"],
        "ignore_failure": true
      }
    },
    {
      "remove": {
        "field": "apache2.error.timestamp",
        "ignore_failure": true
      }
    }
  ],
  "on_failure" : [{
    "set" : {
      "field" : "error.message",
      "value" : "{{ _ingest.on_failure_message }}"
    }
  }]
}
