{
    "description": "Pipeline for parsing the Elasticsearch deprecation log file.",
    "on_failure": [
        {
            "set": {
                "field": "error.message",
                "value": "{{ _ingest.on_failure_message }}"
            }
        }
    ],
    "processors": [
        {
            "rename": {
                "field": "@timestamp",
                "target_field": "event.created"
            }
        },
        {
            "grok": {
                "field": "message",
                "pattern_definitions": {
                    "GREEDYMULTILINE": "(.|\n)*"
                },
                "patterns": [
                    "\\[%{TIMESTAMP_ISO8601:timestamp}\\]\\[%{LOGLEVEL:log.level}%{SPACE}*\\]\\[%{DATA:elasticsearch.server.component}%{SPACE}*\\] %{GREEDYMULTILINE:message}"
                ]
            }
        },
        {
            "date": {
                "field": "timestamp",
                "target_field": "@timestamp",
                "formats": [
                    "ISO8601"
                ],
                {< if .convert_timezone >}"timezone": "{{ beat.timezone }}",{< end >}
                "ignore_failure": true
            }
        },
        {
            "remove": {
                "field": "timestamp"
            }
        }
    ]
}
