{
    "description": "Pipeline for parsing logstash logs in the plain format",
    "on_failure": [
        {
            "set": {
                "field": "error.message",
                "value": "{{ _ingest.on_failure_message }}"
            }
        }
    ],
    "processors": [
        {
            "grok": {
                "field": "message",
                "pattern_definitions": {
                    "LOGSTASH_CLASS_MODULE": "[\\w\\.]+\\s*",
                    "LOGSTASH_LOGLEVEL": "INFO|ERROR|DEBUG|FATAL|WARN|TRACE",
                    "GREEDYMULTILINE" : "(.|\n)*"
                },
                "patterns": [
                    "\\[%{TIMESTAMP_ISO8601:logstash.log.timestamp}\\]\\[%{LOGSTASH_LOGLEVEL:logstash.log.level}\\s?\\]\\[%{LOGSTASH_CLASS_MODULE:logstash.log.module}\\] %{GREEDYMULTILINE:logstash.log.message}"
                ]
            }
        },
        {
            "remove": {
                "field": "message"
            }
        },
        {
            "rename": {
                "field": "@timestamp",
                "target_field": "read_timestamp"
            }
        },
        {
            "date": {
                "field": "logstash.log.timestamp",
                "target_field": "@timestamp",
                "formats": [
                  "ISO8601"
              ],
              {< if .convert_timezone >}"timezone": "{{ beat.timezone }}",{< end >}
              "ignore_failure": true
            }
        },
        {
            "remove": {
                "field": "logstash.log.timestamp"
            }
        }
    ]
}
