{
  "description": "Pipeline for parsing the Nginx error logs",
  "processors": [{
    "grok": {
      "field": "message",
      "patterns": [
        "%{DATA:nginx.error.time} \\[%{DATA:nginx.error.level}\\] %{NUMBER:nginx.error.pid}#%{NUMBER:nginx.error.tid}: (\\*%{NUMBER:nginx.error.connection_id} )?%{GREEDYDATA:nginx.error.message}"
      ],
      "ignore_missing": true
    }
  },{
    "remove":{
      "field": "message"
    }
  }, {
    "rename": {
      "field": "@timestamp",
      "target_field": "read_timestamp"
    }
  }, {
    "date": {
      "field": "nginx.error.time",
      "target_field": "@timestamp",
      "formats": ["yyyy/MM/dd H:m:s"],
      {< if .convert_timezone >}"timezone": "{{ beat.timezone }}",{< end >}
      "ignore_failure": true
    }
  }, {
    "remove": {
      "field": "nginx.error.time"
    }
  }],
  "on_failure" : [{
    "set" : {
      "field" : "error.message",
      "value" : "{{ _ingest.on_failure_message }}"
    }
  }]
}
