{
    "description": "Pipeline for parsing Traefik access logs. Requires the geoip and user_agent plugins.",
    "processors": [
        {
            "grok": {
                "field": "traefik.access.message",
                "patterns": [
                    "(?:%{NUMBER:traefik.access.body_sent.bytes:int}|-)( (?:\"%{DATA:traefik.access.referrer}\"|-)?( (?:\"%{DATA:traefik.access.agent}\"|-)?)?( (?:%{NUMBER:traefik.access.request_count:int}|-)?)?( (?:\"%{DATA:traefik.access.frontend_name}\"|-)?)?( \"%{DATA:traefik.access.backend_url}\")?( %{NUMBER:traefik.access.duration:int}ms)?)?"
                ],
                "ignore_missing": true
            }
        },
        {
            "remove": {
                "field": "message",
                "ignore_missing": true
            }
        },
        {
            "remove": {
                "field": "traefik.access.message",
                "ignore_missing": true
            }
        },
        {
            "rename": {
                "field": "@timestamp",
                "target_field": "read_timestamp"
            }
        },
        {
            "date": {
                "field": "traefik.access.time",
                "target_field": "@timestamp",
                "formats": [
                    "dd/MMM/yyyy:H:m:s Z"
                ]
            }
        },
        {
            "remove": {
                "field": "traefik.access.time"
            }
        },
        {
            "user_agent": {
                "field": "traefik.access.agent",
                "target_field": "traefik.access.user_agent",
                "ignore_failure": true,
                "ecs": false
            }
        },
        {
            "rename": {
                "field": "traefik.access.agent",
                "target_field": "traefik.access.user_agent.original",
                "ignore_failure": true
            }
        },
        {
            "geoip": {
                "field": "traefik.access.remote_ip",
                "target_field": "traefik.access.geoip"
            }
        }
    ],
    "on_failure": [
        {
            "set": {
                "field": "error.message",
                "value": "{{ _ingest.on_failure_message }}"
            }
        }
    ]
}
