{
  "description": "Pipeline for parsing Apache2 access logs. Requires the geoip and user_agent plugins.",
  "processors": [{
    "grok": {
      "field": "message",
      "patterns":[
          "%{IPORHOST:apache2.access.remote_ip} - %{DATA:apache2.access.user_name} \\[%{HTTPDATE:apache2.access.time}\\] \"(?:%{WORD:apache2.access.method} %{DATA:apache2.access.url} HTTP/%{NUMBER:apache2.access.http_version}|-)?\" %{NUMBER:apache2.access.response_code} (?:%{NUMBER:apache2.access.body_sent.bytes}|-)( \"%{DATA:apache2.access.referrer}\")?( \"%{DATA:apache2.access.agent}\")?",
          "%{IPORHOST:apache2.access.remote_ip} - %{DATA:apache2.access.user_name} \\[%{HTTPDATE:apache2.access.time}\\] \"-\" %{NUMBER:apache2.access.response_code} -",
        "\\[%{HTTPDATE:apache2.access.time}\\] %{IPORHOST:apache2.access.remote_ip} %{DATA:apache2.access.ssl.protocol} %{DATA:apache2.access.ssl.cipher} \"%{WORD:http.request.method} %{DATA:apache2.access.url} HTTP/%{NUMBER:apache2.access.http_version}\" %{NUMBER:apache2.access.body_sent.bytes}"
        ],
      "ignore_missing": true
    }
  },{
    "remove":{
      "field": "message"
    }
  }, {
    "rename": {
      "field": "@timestamp",
      "target_field": "read_timestamp"
    }
  }, {
    "date": {
      "field": "apache2.access.time",
      "target_field": "@timestamp",
      "formats": ["dd/MMM/yyyy:H:m:s Z"],
      "ignore_failure": true
    }
  }, {
    "remove": {
      "field": "apache2.access.time",
      "ignore_failure": true
    }
  }, {
    "user_agent": {
      "field": "apache2.access.agent",
      "target_field": "apache2.access.user_agent",
      "ignore_failure": true,
      "ecs": false
    }
  }, {
    "rename": {
      "field": "apache2.access.agent",
      "target_field": "apache2.access.user_agent.original",
      "ignore_failure": true
    }
  }, {
    "geoip": {
      "field": "apache2.access.remote_ip",
      "target_field": "apache2.access.geoip"
    }
  }],
  "on_failure" : [{
    "set" : {
      "field" : "error.message",
      "value" : "{{ _ingest.on_failure_message }}"
    }
  }]
}
