{
  "description": "Pipeline for parsing MySQL slow logs.",
  "processors": [{
    "grok": {
      "field": "message",
      "patterns":[
        "^# User@Host: %{USER:mysql.slowlog.user}(\\[%{USER:mysql.slowlog.current_user}\\])? @ %{HOSTNAME:mysql.slowlog.host}? \\[%{IP:mysql.slowlog.ip}?\\]%{METRICSPACE}(Id:%{SPACE}%{NUMBER:mysql.slowlog.id}%{METRICSPACE})?(Thread_id:%{SPACE}%{NUMBER:mysql.slowlog.id}%{METRICSPACE})?(Schema:%{SPACE}%{WORD:mysql.slowlog.schema}?%{METRICSPACE})?(Last_errno: %{NUMBER:mysql.slowlog.last_errno}%{METRICSPACE})?(Killed: %{NUMBER:mysql.slowlog.killed}%{METRICSPACE})?(QC_hit: %{WORD:mysql.slowlog.query_cache_hit}%{METRICSPACE})?(Query_time: %{NUMBER:mysql.slowlog.query_time.sec}%{METRICSPACE})?(Lock_time: %{NUMBER:mysql.slowlog.lock_time.sec}%{METRICSPACE})?(Rows_sent: %{NUMBER:mysql.slowlog.rows_sent}%{METRICSPACE})?(Rows_examined: %{NUMBER:mysql.slowlog.rows_examined}%{METRICSPACE})?(Rows_affected: %{NUMBER:mysql.slowlog.rows_affected}%{METRICSPACE})?(Bytes_sent: %{NUMBER:mysql.slowlog.bytes_sent}%{METRICSPACE})?(Tmp_tables: %{NUMBER:mysql.slowlog.tmp_tables}%{METRICSPACE})?(Tmp_disk_tables: %{NUMBER:mysql.slowlog.tmp_disk_tables}%{METRICSPACE})?(Tmp_table_sizes: %{NUMBER:mysql.slowlog.tmp_table_sizes}%{METRICSPACE})?(InnoDB_trx_id: %{WORD:mysql.slowlog.innodb.trx_id}%{METRICSPACE})?(QC_Hit: %{WORD:mysql.slowlog.query_cache_hit}%{METRICSPACE})?(Full_scan: %{WORD:mysql.slowlog.full_scan}%{METRICSPACE})?(Full_join: %{WORD:mysql.slowlog.full_join}%{METRICSPACE})?(Tmp_table: %{WORD:mysql.slowlog.tmp_table}%{METRICSPACE})?(Tmp_table_on_disk: %{WORD:mysql.slowlog.tmp_table_on_disk}%{METRICSPACE})?(Filesort: %{WORD:mysql.slowlog.filesort}%{METRICSPACE})?(Filesort_on_disk: %{WORD:mysql.slowlog.filesort_on_disk}%{METRICSPACE})?(Merge_passes: %{NUMBER:mysql.slowlog.merge_passes}%{METRICSPACE})?(Priority_queue: %{WORD:mysql.slowlog.priority_queue}%{METRICSPACE})?(No InnoDB statistics available for this query%{METRICSPACE})?(InnoDB_IO_r_ops: %{NUMBER:mysql.slowlog.innodb.io_r_ops}%{METRICSPACE})?(InnoDB_IO_r_bytes: %{NUMBER:mysql.slowlog.innodb.io_r_bytes}%{METRICSPACE})?(InnoDB_IO_r_wait: %{NUMBER:mysql.slowlog.innodb.io_r_wait.sec}%{METRICSPACE})?(InnoDB_rec_lock_wait: %{NUMBER:mysql.slowlog.innodb.rec_lock_wait.sec}%{METRICSPACE})?(InnoDB_queue_wait: %{NUMBER:mysql.slowlog.innodb.queue_wait.sec}%{METRICSPACE})?(InnoDB_pages_distinct: %{NUMBER:mysql.slowlog.innodb.pages_distinct}%{METRICSPACE})?(Log_slow_rate_type: %{WORD:mysql.slowlog.log_slow_rate_type}%{METRICSPACE})?(Log_slow_rate_limit: %{NUMBER:mysql.slowlog.log_slow_rate_limit}%{METRICSPACE})?%{EXPLAIN}?(use %{WORD:mysql.slowlog.schema};\n)?SET timestamp=%{NUMBER:mysql.slowlog.timestamp};\n%{GREEDYMULTILINE:mysql.slowlog.query}"
        ],
      "pattern_definitions" : {
        "GREEDYMULTILINE": "(.|\n)*",
        "METRICSPACE": "([ #\n]*)",
        "EXPLAIN": "(# explain:.*\n|#\\s*\n)*"
      },
      "ignore_missing": true
    }
  }, {
    "remove":{
      "field": "message"
    }
  }, {
    "script": {
      "lang": "painless",
      "source": "for (field in params.fields) { def v = ctx.mysql.slowlog.get(field); if (v != null) { ctx.mysql.slowlog.put(field, params.mapping.get(v)) } }",
      "params": {
         "mapping": {
           "Yes": true,
           "No": false
         },
         "fields": [
           "query_cache_hit",
           "tmp_table",
           "tmp_table_on_disk",
           "filesort",
           "filesort_on_disk",
           "priority_queue",
           "full_scan",
           "full_join"
         ]
      }
    }
  }, {
    "date": {
      "field": "mysql.slowlog.timestamp",
      "target_field": "@timestamp",
      "formats": ["UNIX"],
      "ignore_failure": true
    }
  }],
  "on_failure" : [{
    "set" : {
      "field" : "error.message",
      "value" : "{{ _ingest.on_failure_message }}"
    }
  }]
}
